{"cameraMode":{"drawMode":0,"name":"Shaded","section":"Shading Mode"},"sceneLighting":false,"audioPlay":false,"sceneViewState":{"m_AlwaysRefresh":false,"showFog":true,"showSkybox":false,"showFlares":true,"showImageEffects":true,"showParticleSystems":true,"showVisualEffectGraphs":true,"m_FxEnabled":true},"in2DMode":false,"pivot":{"x":1.0942833423614503,"y":1.0329848527908326,"z":-2.039900302886963},"rotation":{"x":0.034387119114398959,"y":-0.8455759882926941,"z":0.05488055571913719,"w":0.5298895239830017},"size":2.3473803997039797,"orthographic":false}