{"cameraMode":{"drawMode":0,"name":"Shaded","section":"Shading Mode"},"sceneLighting":true,"audioPlay":false,"sceneViewState":{"m_AlwaysRefresh":false,"showFog":true,"showSkybox":true,"showFlares":true,"showImageEffects":true,"showParticleSystems":true,"showVisualEffectGraphs":true,"m_FxEnabled":true},"in2DMode":false,"pivot":{"x":-138.56381225585938,"y":52.34188461303711,"z":-117.54829406738281},"rotation":{"x":-0.0045269932597875599,"y":0.9943934082984924,"z":0.04776768386363983,"w":0.09425069391727448},"size":31.958187103271486,"orthographic":false}